current_timestamp,current_timestamp,'Green Bay Packers','NFC',443,114,2118,16,2020
current_timestamp,current_timestamp,'Buffalo Bills','AFC',411,119,1723,16,2020
current_timestamp,current_timestamp,'Tampa Bay Buccaneers','NFC',369,82,1519,16,2020
current_timestamp,current_timestamp,'Tennessee Titans','AFC',521,142,2690,26,2020
current_timestamp,current_timestamp,'New Orleans Saints','NFC',494,147,2265,30,2020
current_timestamp,current_timestamp,'Kansas City Chiefs','AFC',403,110,1799,13,2020
current_timestamp,current_timestamp,'Baltimore Ravens','AFC',555,166,3071,24,2020
current_timestamp,current_timestamp,'Seattle Seahawks','NFC',411,111,1971,15,2020
current_timestamp,current_timestamp,'Indianapolis Colts','AFC',459,129,1996,20,2020
current_timestamp,current_timestamp,'Las Vegas Raiders','AFC',457,121,1916,20,2020
current_timestamp,current_timestamp,'Minnesota Vikings','NFC',468,139,2283,20,2020
current_timestamp,current_timestamp,'Pittsburgh Steelers','AFC',373,81,1351,12,2020
current_timestamp,current_timestamp,'Arizona Cardinals','NFC',479,136,2237,22,2020
current_timestamp,current_timestamp,'Cleveland Browns','AFC',495,133,2374,21,2020
current_timestamp,current_timestamp,'Miami Dolphins','AFC',428,100,1688,15,2020
current_timestamp,current_timestamp,'Atlanta Falcons','NFC',409,86,1532,13,2020
current_timestamp,current_timestamp,'Dallas Cowboys','NFC',430,115,1788,14,2020
current_timestamp,current_timestamp,'Houston Texans','AFC',344,83,1466,10,2020
current_timestamp,current_timestamp,'Los Angeles Chargers','AFC',466,111,1784,12,2020
current_timestamp,current_timestamp,'Detroit Lions','NFC',367,93,1499,17,2020
current_timestamp,current_timestamp,'San Francisco 49ers','NFC',437,101,1889,19,2020
current_timestamp,current_timestamp,'Los Angeles Rams','NFC',473,123,2018,19,2020
current_timestamp,current_timestamp,'Chicago Bears','NFC',393,93,1647,12,2020
current_timestamp,current_timestamp,'Carolina Panthers','NFC',407,110,1704,19,2020
current_timestamp,current_timestamp,'Washington Football Team','NFC',400,108,1611,18,2020
current_timestamp,current_timestamp,'Philadelphia Eagles','NFC',403,114,2027,16,2020
current_timestamp,current_timestamp,'New England Patriots','AFC',502,143,2346,20,2020
current_timestamp,current_timestamp,'Denver Broncos','AFC',442,94,1918,13,2020
current_timestamp,current_timestamp,'Cincinnati Bengals','AFC',411,92,1668,13,2020
current_timestamp,current_timestamp,'Jacksonville Jaguars','AFC',337,80,1519,9,2020
current_timestamp,current_timestamp,'New York Giants','NFC',399,91,1768,13,2020
current_timestamp,current_timestamp,'New York Jets','AFC',406,94,1683,9,2020
current_timestamp,current_timestamp,'Baltimore Ravens','AFC',596,188,3296,21,2019
current_timestamp,current_timestamp,'San Francisco 49ers','NFC',498,110,2305,23,2019
current_timestamp,current_timestamp,'Tampa Bay Buccaneers','NFC',409,81,1521,15,2019
current_timestamp,current_timestamp,'New Orleans Saints','NFC',405,97,1738,12,2019
current_timestamp,current_timestamp,'Kansas City Chiefs','AFC',375,93,1569,16,2019
current_timestamp,current_timestamp,'Dallas Cowboys','NFC',449,120,2153,18,2019
current_timestamp,current_timestamp,'New England Patriots','AFC',447,110,1703,17,2019
current_timestamp,current_timestamp,'Minnesota Vikings','NFC',476,106,2133,19,2019
current_timestamp,current_timestamp,'Seattle Seahawks','NFC',481,121,2200,15,2019
current_timestamp,current_timestamp,'Tennessee Titans','AFC',445,104,2223,21,2019
current_timestamp,current_timestamp,'Los Angeles Rams','NFC',401,92,1499,20,2019
current_timestamp,current_timestamp,'Philadelphia Eagles','NFC',454,104,1939,16,2019
current_timestamp,current_timestamp,'Atlanta Falcons','NFC',362,84,1361,10,2019
current_timestamp,current_timestamp,'Houston Texans','AFC',434,112,2009,17,2019
current_timestamp,current_timestamp,'Green Bay Packers','NFC',411,90,1795,18,2019
current_timestamp,current_timestamp,'Arizona Cardinals','NFC',396,109,1990,18,2019
current_timestamp,current_timestamp,'Indianapolis Colts','AFC',471,131,2130,17,2019
current_timestamp,current_timestamp,'Detroit Lions','NFC',407,82,1649,7,2019
current_timestamp,current_timestamp,'New York Giants','NFC',362,89,1685,11,2019
current_timestamp,current_timestamp,'Carolina Panthers','NFC',386,82,1819,20,2019
current_timestamp,current_timestamp,'Los Angeles Chargers','AFC',366,90,1453,12,2019
current_timestamp,current_timestamp,'Cleveland Browns','AFC',393,90,1901,15,2019
current_timestamp,current_timestamp,'Buffalo Bills','AFC',465,120,2054,13,2019
current_timestamp,current_timestamp,'Oakland Raiders','AFC',437,104,1893,13,2019
current_timestamp,current_timestamp,'Miami Dolphins','AFC',349,64,1156,10,2019
current_timestamp,current_timestamp,'Jacksonville Jaguars','AFC',389,85,1708,3,2019
current_timestamp,current_timestamp,'Pittsburgh Steelers','AFC',395,75,1447,7,2019
current_timestamp,current_timestamp,'Denver Broncos','AFC',409,77,1662,11,2019
current_timestamp,current_timestamp,'Chicago Bears','NFC',395,85,1458,8,2019
current_timestamp,current_timestamp,'Cincinnati Bengals','AFC',385,85,1517,9,2019
current_timestamp,current_timestamp,'New York Jets','AFC',383,61,1257,6,2019
current_timestamp,current_timestamp,'Washington Redskins','NFC',356,74,1583,9,2019
current_timestamp,current_timestamp,'Kansas City Chiefs','AFC',387,108,1855,16,2018
current_timestamp,current_timestamp,'Los Angeles Rams','NFC',459,134,2231,23,2018
current_timestamp,current_timestamp,'New Orleans Saints','NFC',471,134,2025,26,2018
current_timestamp,current_timestamp,'New England Patriots','AFC',478,131,2037,18,2018
current_timestamp,current_timestamp,'Indianapolis Colts','AFC',408,96,1718,13,2018
current_timestamp,current_timestamp,'Seattle Seahawks','NFC',534,133,2560,15,2018
current_timestamp,current_timestamp,'Los Angeles Chargers','AFC',399,100,1873,16,2018
current_timestamp,current_timestamp,'Pittsburgh Steelers','AFC',345,88,1445,16,2018
current_timestamp,current_timestamp,'Chicago Bears','NFC',468,108,1938,16,2018
current_timestamp,current_timestamp,'Atlanta Falcons','NFC',351,84,1573,11,2018
current_timestamp,current_timestamp,'Houston Texans','AFC',472,94,2021,12,2018
current_timestamp,current_timestamp,'Tampa Bay Buccaneers','NFC',389,80,1523,11,2018
current_timestamp,current_timestamp,'Baltimore Ravens','AFC',547,153,2441,19,2018
current_timestamp,current_timestamp,'Green Bay Packers','NFC',333,98,1667,14,2018
current_timestamp,current_timestamp,'Carolina Panthers','NFC',416,117,2136,17,2018
current_timestamp,current_timestamp,'New York Giants','NFC',354,71,1650,13,2018
current_timestamp,current_timestamp,'Cincinnati Bengals','AFC',359,92,1682,13,2018
current_timestamp,current_timestamp,'Philadelphia Eagles','NFC',398,94,1570,12,2018
current_timestamp,current_timestamp,'Minnesota Vikings','NFC',357,66,1493,9,2018
current_timestamp,current_timestamp,'Cleveland Browns','AFC',411,93,1893,15,2018
current_timestamp,current_timestamp,'San Francisco 49ers','NFC',423,98,1902,7,2018
current_timestamp,current_timestamp,'Dallas Cowboys','NFC',439,113,1963,13,2018
current_timestamp,current_timestamp,'New York Jets','AFC',410,84,1622,11,2018
current_timestamp,current_timestamp,'Denver Broncos','AFC',393,107,1907,18,2018
current_timestamp,current_timestamp,'Detroit Lions','NFC',404,91,1660,11,2018
current_timestamp,current_timestamp,'Miami Dolphins','AFC',371,75,1738,7,2018
current_timestamp,current_timestamp,'Tennessee Titans','AFC',456,106,2027,15,2018
current_timestamp,current_timestamp,'Oakland Raiders','AFC',387,86,1628,9,2018
current_timestamp,current_timestamp,'Washington Redskins','NFC',414,96,1774,12,2018
current_timestamp,current_timestamp,'Buffalo Bills','AFC',468,108,1984,15,2018
current_timestamp,current_timestamp,'Jacksonville Jaguars','AFC',416,92,1723,7,2018
current_timestamp,current_timestamp,'Arizona Cardinals','NFC',355,76,1342,9,2018
current_timestamp,current_timestamp,'Los Angeles Rams','NFC',454,97,1953,17,2017
current_timestamp,current_timestamp,'New England Patriots','AFC',448,107,1889,16,2017
current_timestamp,current_timestamp,'Philadelphia Eagles','NFC',473,108,2115,9,2017
current_timestamp,current_timestamp,'New Orleans Saints','NFC',444,111,2070,23,2017
current_timestamp,current_timestamp,'Jacksonville Jaguars','AFC',527,101,2262,18,2017
current_timestamp,current_timestamp,'Kansas City Chiefs','AFC',405,95,1903,12,2017
current_timestamp,current_timestamp,'Detroit Lions','NFC',363,58,1221,10,2017
current_timestamp,current_timestamp,'Pittsburgh Steelers','AFC',437,96,1667,12,2017
current_timestamp,current_timestamp,'Baltimore Ravens','AFC',460,111,1856,14,2017
current_timestamp,current_timestamp,'Minnesota Vikings','NFC',501,100,1957,15,2017
current_timestamp,current_timestamp,'Seattle Seahawks','NFC',409,85,1629,4,2017
current_timestamp,current_timestamp,'Carolina Panthers','NFC',490,121,2102,15,2017
current_timestamp,current_timestamp,'Los Angeles Chargers','AFC',419,84,1595,10,2017
current_timestamp,current_timestamp,'Dallas Cowboys','NFC',480,127,2170,18,2017
current_timestamp,current_timestamp,'Atlanta Falcons','NFC',430,101,1847,12,2017
current_timestamp,current_timestamp,'Washington Redskins','NFC',401,66,1448,10,2017
current_timestamp,current_timestamp,'Houston Texans','AFC',448,86,1842,8,2017
current_timestamp,current_timestamp,'Tampa Bay Buccaneers','NFC',390,76,1448,8,2017
current_timestamp,current_timestamp,'Tennessee Titans','AFC',443,97,1833,18,2017
current_timestamp,current_timestamp,'San Francisco 49ers','NFC',408,88,1662,15,2017
current_timestamp,current_timestamp,'Green Bay Packers','NFC',386,99,1724,13,2017
current_timestamp,current_timestamp,'Buffalo Bills','AFC',487,105,2017,12,2017
current_timestamp,current_timestamp,'Oakland Raiders','AFC',370,78,1554,13,2017
current_timestamp,current_timestamp,'New York Jets','AFC',427,77,1702,13,2017
current_timestamp,current_timestamp,'Arizona Cardinals','NFC',410,66,1386,6,2017
current_timestamp,current_timestamp,'Cincinnati Bengals','AFC',377,72,1366,6,2017
current_timestamp,current_timestamp,'Denver Broncos','AFC',457,92,1852,8,2017
current_timestamp,current_timestamp,'Miami Dolphins','AFC',360,66,1388,4,2017
current_timestamp,current_timestamp,'Chicago Bears','NFC',422,92,1788,13,2017
current_timestamp,current_timestamp,'Indianapolis Colts','AFC',451,94,1661,11,2017
current_timestamp,current_timestamp,'New York Giants','NFC',394,66,1549,6,2017
current_timestamp,current_timestamp,'Cleveland Browns','AFC',384,97,1714,11,2017
current_timestamp,current_timestamp,'Atlanta Falcons','NFC',421,108,1928,20,2016
current_timestamp,current_timestamp,'New Orleans Saints','NFC',404,105,1742,17,2016
current_timestamp,current_timestamp,'New England Patriots','AFC',482,109,1872,19,2016
current_timestamp,current_timestamp,'Green Bay Packers','NFC',374,91,1701,11,2016
current_timestamp,current_timestamp,'Dallas Cowboys','NFC',499,142,2396,24,2016
current_timestamp,current_timestamp,'Arizona Cardinals','NFC',399,97,1732,20,2016
current_timestamp,current_timestamp,'Oakland Raiders','AFC',434,98,1922,17,2016
current_timestamp,current_timestamp,'Indianapolis Colts','AFC',409,93,1628,13,2016
current_timestamp,current_timestamp,'San Diego Chargers','AFC',398,90,1510,10,2016
current_timestamp,current_timestamp,'Buffalo Bills','AFC',492,146,2630,29,2016
current_timestamp,current_timestamp,'Pittsburgh Steelers','AFC',409,97,1760,13,2016
current_timestamp,current_timestamp,'Washington Redskins','NFC',379,89,1696,17,2016
current_timestamp,current_timestamp,'Kansas City Chiefs','AFC',412,86,1748,15,2016
current_timestamp,current_timestamp,'Tennessee Titans','AFC',476,115,2187,16,2016
current_timestamp,current_timestamp,'Carolina Panthers','NFC',453,99,1814,16,2016
current_timestamp,current_timestamp,'Philadelphia Eagles','NFC',438,114,1813,16,2016
current_timestamp,current_timestamp,'Miami Dolphins','AFC',406,90,1824,14,2016
current_timestamp,current_timestamp,'Seattle Seahawks','NFC',403,85,1591,13,2016
current_timestamp,current_timestamp,'Tampa Bay Buccaneers','NFC',453,80,1616,8,2016
current_timestamp,current_timestamp,'Detroit Lions','NFC',350,76,1310,9,2016
current_timestamp,current_timestamp,'Baltimore Ravens','AFC',367,79,1463,10,2016
current_timestamp,current_timestamp,'Denver Broncos','AFC',410,76,1484,11,2016
current_timestamp,current_timestamp,'Minnesota Vikings','NFC',380,66,1205,9,2016
current_timestamp,current_timestamp,'Cincinnati Bengals','AFC',446,100,1769,17,2016
current_timestamp,current_timestamp,'Jacksonville Jaguars','AFC',392,75,1631,8,2016
current_timestamp,current_timestamp,'New York Giants','NFC',398,73,1412,6,2016
current_timestamp,current_timestamp,'San Francisco 49ers','NFC',458,116,2019,15,2016
current_timestamp,current_timestamp,'Houston Texans','AFC',456,102,1859,8,2016
current_timestamp,current_timestamp,'Chicago Bears','NFC',380,93,1735,10,2016
current_timestamp,current_timestamp,'New York Jets','AFC',418,97,1802,10,2016
current_timestamp,current_timestamp,'Cleveland Browns','AFC',350,83,1712,13,2016
current_timestamp,current_timestamp,'Los Angeles Rams','NFC',375,68,1252,9,2016
current_timestamp,current_timestamp,'Carolina Panthers','NFC',526,136,2282,19,2015
current_timestamp,current_timestamp,'Arizona Cardinals','NFC',452,92,1917,16,2015
current_timestamp,current_timestamp,'New England Patriots','AFC',383,87,1404,14,2015
current_timestamp,current_timestamp,'Seattle Seahawks','NFC',500,128,2268,10,2015
current_timestamp,current_timestamp,'Pittsburgh Steelers','AFC',388,91,1724,16,2015
current_timestamp,current_timestamp,'New York Giants','NFC',403,77,1609,5,2015
current_timestamp,current_timestamp,'Cincinnati Bengals','AFC',467,99,1805,18,2015
current_timestamp,current_timestamp,'New Orleans Saints','NFC',397,98,1491,16,2015
current_timestamp,current_timestamp,'Kansas City Chiefs','AFC',436,116,2044,19,2015
current_timestamp,current_timestamp,'Washington Redskins','NFC',429,81,1566,9,2015
current_timestamp,current_timestamp,'New York Jets','AFC',448,99,1868,11,2015
current_timestamp,current_timestamp,'Buffalo Bills','AFC',509,122,2432,19,2015
current_timestamp,current_timestamp,'Philadelphia Eagles','NFC',442,110,1743,15,2015
current_timestamp,current_timestamp,'Jacksonville Jaguars','AFC',354,69,1473,5,2015
current_timestamp,current_timestamp,'Green Bay Packers','NFC',436,100,1850,8,2015
current_timestamp,current_timestamp,'Minnesota Vikings','NFC',474,113,2211,18,2015
current_timestamp,current_timestamp,'Oakland Raiders','AFC',370,74,1457,7,2015
current_timestamp,current_timestamp,'Detroit Lions','NFC',354,71,1335,7,2015
current_timestamp,current_timestamp,'Denver Broncos','AFC',411,85,1718,13,2015
current_timestamp,current_timestamp,'Tampa Bay Buccaneers','NFC',455,99,2162,12,2015
current_timestamp,current_timestamp,'Atlanta Falcons','NFC',420,95,1606,13,2015
current_timestamp,current_timestamp,'Houston Texans','AFC',472,90,1731,7,2015
current_timestamp,current_timestamp,'Chicago Bears','NFC',468,108,1854,13,2015
current_timestamp,current_timestamp,'Indianapolis Colts','AFC',396,77,1438,6,2015
current_timestamp,current_timestamp,'Baltimore Ravens','AFC',383,89,1478,8,2015
current_timestamp,current_timestamp,'San Diego Chargers','AFC',393,79,1358,4,2015
current_timestamp,current_timestamp,'Miami Dolphins','AFC',344,72,1496,11,2015
current_timestamp,current_timestamp,'Tennessee Titans','AFC',371,66,1485,10,2015
current_timestamp,current_timestamp,'St. Louis Rams','NFC',429,92,1956,16,2015
current_timestamp,current_timestamp,'Cleveland Browns','AFC',380,81,1529,5,2015
current_timestamp,current_timestamp,'Dallas Cowboys','NFC',408,94,1890,8,2015
current_timestamp,current_timestamp,'San Francisco 49ers','NFC',390,83,1544,7,2015
current_timestamp,current_timestamp,'Green Bay Packers','NFC',435,104,1917,14,2014
current_timestamp,current_timestamp,'Denver Broncos','AFC',443,98,1785,15,2014
current_timestamp,current_timestamp,'Philadelphia Eagles','NFC',474,109,1992,16,2014
current_timestamp,current_timestamp,'New England Patriots','AFC',438,96,1727,13,2014
current_timestamp,current_timestamp,'Dallas Cowboys','NFC',508,106,2354,16,2014
current_timestamp,current_timestamp,'Indianapolis Colts','AFC',415,80,1612,9,2014
current_timestamp,current_timestamp,'Pittsburgh Steelers','AFC',423,98,1752,10,2014
current_timestamp,current_timestamp,'Baltimore Ravens','AFC',448,113,2019,16,2014
current_timestamp,current_timestamp,'New Orleans Saints','NFC',406,101,1818,16,2014
current_timestamp,current_timestamp,'Seattle Seahawks','NFC',525,144,2762,20,2014
current_timestamp,current_timestamp,'Miami Dolphins','AFC',399,99,1872,12,2014
current_timestamp,current_timestamp,'Atlanta Falcons','NFC',372,75,1498,11,2014
current_timestamp,current_timestamp,'New York Giants','NFC',449,83,1603,13,2014
current_timestamp,current_timestamp,'Houston Texans','AFC',551,108,2161,12,2014
current_timestamp,current_timestamp,'Cincinnati Bengals','AFC',492,122,2147,19,2014
current_timestamp,current_timestamp,'Kansas City Chiefs','AFC',420,92,1918,18,2014
current_timestamp,current_timestamp,'San Diego Chargers','AFC',398,75,1367,6,2014
current_timestamp,current_timestamp,'Buffalo Bills','AFC',402,65,1482,7,2014
current_timestamp,current_timestamp,'Carolina Panthers','NFC',473,117,2036,10,2014
current_timestamp,current_timestamp,'Minnesota Vikings','NFC',413,90,1804,12,2014
current_timestamp,current_timestamp,'St. Louis Rams','NFC',395,79,1635,11,2014
current_timestamp,current_timestamp,'Detroit Lions','NFC',396,72,1422,11,2014
current_timestamp,current_timestamp,'Chicago Bears','NFC',355,91,1441,8,2014
current_timestamp,current_timestamp,'Arizona Cardinals','NFC',397,67,1308,6,2014
current_timestamp,current_timestamp,'San Francisco 49ers','NFC',470,104,2176,10,2014
current_timestamp,current_timestamp,'Washington Redskins','NFC',401,88,1691,15,2014
current_timestamp,current_timestamp,'Cleveland Browns','AFC',477,88,1728,17,2014
current_timestamp,current_timestamp,'New York Jets','AFC',507,112,2280,11,2014
current_timestamp,current_timestamp,'Tampa Bay Buccaneers','NFC',353,72,1375,7,2014
current_timestamp,current_timestamp,'Tennessee Titans','AFC',356,75,1447,6,2014
current_timestamp,current_timestamp,'Oakland Raiders','AFC',337,56,1240,4,2014
current_timestamp,current_timestamp,'Jacksonville Jaguars','AFC',360,86,1633,9,2014
current_timestamp,current_timestamp,'Denver Broncos','AFC',461,107,1873,16,2013
current_timestamp,current_timestamp,'Chicago Bears','NFC',404,102,1828,13,2013
current_timestamp,current_timestamp,'New England Patriots','AFC',470,110,2065,19,2013
current_timestamp,current_timestamp,'Philadelphia Eagles','NFC',500,133,2566,19,2013
current_timestamp,current_timestamp,'Dallas Cowboys','NFC',336,80,1504,12,2013
current_timestamp,current_timestamp,'Cincinnati Bengals','AFC',481,101,1755,14,2013
current_timestamp,current_timestamp,'Kansas City Chiefs','AFC',442,110,2056,17,2013
current_timestamp,current_timestamp,'Green Bay Packers','NFC',459,119,2136,17,2013
current_timestamp,current_timestamp,'Seattle Seahawks','NFC',509,116,2188,14,2013
current_timestamp,current_timestamp,'New Orleans Saints','NFC',391,87,1473,10,2013
current_timestamp,current_timestamp,'San Francisco 49ers','NFC',505,115,2201,18,2013
current_timestamp,current_timestamp,'San Diego Chargers','AFC',486,104,1965,9,2013
current_timestamp,current_timestamp,'Detroit Lions','NFC',445,106,1792,15,2013
current_timestamp,current_timestamp,'Indianapolis Colts','AFC',409,88,1743,15,2013
current_timestamp,current_timestamp,'Minnesota Vikings','NFC',423,106,2081,23,2013
current_timestamp,current_timestamp,'Arizona Cardinals','NFC',422,84,1540,12,2013
current_timestamp,current_timestamp,'Pittsburgh Steelers','AFC',394,81,1383,9,2013
current_timestamp,current_timestamp,'Carolina Panthers','NFC',483,122,2026,14,2013
current_timestamp,current_timestamp,'Tennessee Titans','AFC',462,103,1894,16,2013
current_timestamp,current_timestamp,'Atlanta Falcons','NFC',321,64,1247,11,2013
current_timestamp,current_timestamp,'St. Louis Rams','NFC',426,82,1752,10,2013
current_timestamp,current_timestamp,'Buffalo Bills','AFC',546,113,2307,15,2013
current_timestamp,current_timestamp,'Washington Redskins','NFC',453,112,2164,14,2013
current_timestamp,current_timestamp,'Oakland Raiders','AFC',437,90,2000,16,2013
current_timestamp,current_timestamp,'Baltimore Ravens','AFC',423,68,1328,7,2013
current_timestamp,current_timestamp,'Miami Dolphins','AFC',349,61,1440,8,2013
current_timestamp,current_timestamp,'Cleveland Browns','AFC',348,77,1383,4,2013
current_timestamp,current_timestamp,'New York Giants','NFC',381,77,1332,11,2013
current_timestamp,current_timestamp,'New York Jets','AFC',493,105,2158,12,2013
current_timestamp,current_timestamp,'Tampa Bay Buccaneers','NFC',420,75,1612,6,2013
current_timestamp,current_timestamp,'Houston Texans','AFC',414,90,1743,7,2013
current_timestamp,current_timestamp,'Jacksonville Jaguars','AFC',378,71,1260,7,2013
current_timestamp,current_timestamp,'New England Patriots','AFC',523,151,2184,25,2012
current_timestamp,current_timestamp,'Denver Broncos','AFC',481,112,1832,12,2012
current_timestamp,current_timestamp,'New Orleans Saints','NFC',370,64,1577,10,2012
current_timestamp,current_timestamp,'Washington Redskins','NFC',519,144,2709,22,2012
current_timestamp,current_timestamp,'Green Bay Packers','NFC',433,85,1702,9,2012
current_timestamp,current_timestamp,'New York Giants','NFC',409,103,1862,18,2012
current_timestamp,current_timestamp,'Atlanta Falcons','NFC',378,70,1397,12,2012
current_timestamp,current_timestamp,'Houston Texans','AFC',508,114,2123,19,2012
current_timestamp,current_timestamp,'Seattle Seahawks','NFC',536,129,2579,16,2012
current_timestamp,current_timestamp,'Baltimore Ravens','AFC',444,98,1901,17,2012
current_timestamp,current_timestamp,'San Francisco 49ers','NFC',492,128,2491,17,2012
current_timestamp,current_timestamp,'Cincinnati Bengals','AFC',430,95,1745,11,2012
current_timestamp,current_timestamp,'Tampa Bay Buccaneers','NFC',416,89,1837,13,2012
current_timestamp,current_timestamp,'Minnesota Vikings','NFC',486,113,2634,16,2012
current_timestamp,current_timestamp,'Dallas Cowboys','NFC',355,76,1265,8,2012
current_timestamp,current_timestamp,'Chicago Bears','NFC',470,99,1970,11,2012
current_timestamp,current_timestamp,'Detroit Lions','NFC',391,84,1613,17,2012
current_timestamp,current_timestamp,'Carolina Panthers','NFC',462,123,2088,21,2012
current_timestamp,current_timestamp,'Indianapolis Colts','AFC',440,110,1671,11,2012
current_timestamp,current_timestamp,'San Diego Chargers','AFC',411,81,1461,4,2012
current_timestamp,current_timestamp,'Buffalo Bills','AFC',442,103,2217,12,2012
current_timestamp,current_timestamp,'Pittsburgh Steelers','AFC',412,80,1537,8,2012
current_timestamp,current_timestamp,'Tennessee Titans','AFC',378,70,1687,10,2012
current_timestamp,current_timestamp,'Cleveland Browns','AFC',396,71,1593,12,2012
current_timestamp,current_timestamp,'St. Louis Rams','NFC',410,79,1714,5,2012
current_timestamp,current_timestamp,'Oakland Raiders','AFC',376,72,1420,4,2012
current_timestamp,current_timestamp,'Miami Dolphins','AFC',440,93,1802,15,2012
current_timestamp,current_timestamp,'New York Jets','AFC',494,102,1896,12,2012
current_timestamp,current_timestamp,'Philadelphia Eagles','NFC',413,111,1874,10,2012
current_timestamp,current_timestamp,'Jacksonville Jaguars','AFC',358,76,1369,5,2012
current_timestamp,current_timestamp,'Arizona Cardinals','NFC',352,58,1204,10,2012
current_timestamp,current_timestamp,'Kansas City Chiefs','AFC',500,118,2395,9,2012
current_timestamp,current_timestamp,'Green Bay Packers','NFC',395,89,1558,12,2011
current_timestamp,current_timestamp,'New Orleans Saints','NFC',431,116,2127,16,2011
current_timestamp,current_timestamp,'New England Patriots','AFC',438,107,1764,18,2011
current_timestamp,current_timestamp,'Detroit Lions','NFC',356,71,1523,9,2011
current_timestamp,current_timestamp,'Carolina Panthers','NFC',445,139,2408,26,2011
current_timestamp,current_timestamp,'San Diego Chargers','AFC',436,97,1864,16,2011
current_timestamp,current_timestamp,'Atlanta Falcons','NFC',453,100,1834,14,2011
current_timestamp,current_timestamp,'Philadelphia Eagles','NFC',450,134,2276,20,2011
current_timestamp,current_timestamp,'New York Giants','NFC',411,84,1427,17,2011
current_timestamp,current_timestamp,'Houston Texans','AFC',546,131,2448,18,2011
current_timestamp,current_timestamp,'San Francisco 49ers','NFC',498,101,2044,14,2011
current_timestamp,current_timestamp,'Baltimore Ravens','AFC',459,98,1996,15,2011
current_timestamp,current_timestamp,'New York Jets','AFC',443,92,1692,14,2011
current_timestamp,current_timestamp,'Buffalo Bills','AFC',391,100,1921,12,2011
current_timestamp,current_timestamp,'Dallas Cowboys','NFC',408,91,1807,5,2011
current_timestamp,current_timestamp,'Oakland Raiders','AFC',466,110,2110,16,2011
current_timestamp,current_timestamp,'Chicago Bears','NFC',456,97,2015,10,2011
current_timestamp,current_timestamp,'Cincinnati Bengals','AFC',455,93,1778,10,2011
current_timestamp,current_timestamp,'Minnesota Vikings','NFC',448,118,2318,18,2011
current_timestamp,current_timestamp,'Miami Dolphins','AFC',469,89,1987,11,2011
current_timestamp,current_timestamp,'Tennessee Titans','AFC',376,71,1438,8,2011
current_timestamp,current_timestamp,'Pittsburgh Steelers','AFC',434,96,1903,13,2011
current_timestamp,current_timestamp,'Seattle Seahawks','NFC',444,89,1756,15,2011
current_timestamp,current_timestamp,'Arizona Cardinals','NFC',389,83,1625,12,2011
current_timestamp,current_timestamp,'Denver Broncos','AFC',546,129,2632,11,2011
current_timestamp,current_timestamp,'Washington Redskins','NFC',400,79,1614,8,2011
current_timestamp,current_timestamp,'Tampa Bay Buccaneers','NFC',346,74,1458,9,2011
current_timestamp,current_timestamp,'Jacksonville Jaguars','AFC',489,103,1970,9,2011
current_timestamp,current_timestamp,'Indianapolis Colts','AFC',382,69,1594,8,2011
current_timestamp,current_timestamp,'Cleveland Browns','AFC',415,77,1531,4,2011
current_timestamp,current_timestamp,'Kansas City Chiefs','AFC',487,89,1893,5,2011
current_timestamp,current_timestamp,'St. Louis Rams','NFC',409,79,1667,7,2011
current_timestamp,current_timestamp,'New England Patriots','AFC',454,119,1973,19,2010
current_timestamp,current_timestamp,'San Diego Chargers','AFC',457,94,1810,18,2010
current_timestamp,current_timestamp,'Philadelphia Eagles','NFC',428,116,2324,18,2010
current_timestamp,current_timestamp,'Indianapolis Colts','AFC',393,87,1483,13,2010
current_timestamp,current_timestamp,'Atlanta Falcons','NFC',497,111,1891,14,2010
current_timestamp,current_timestamp,'Oakland Raiders','AFC',504,113,2494,19,2010
current_timestamp,current_timestamp,'Dallas Cowboys','NFC',428,104,1786,10,2010
current_timestamp,current_timestamp,'New York Giants','NFC',480,112,2200,17,2010
current_timestamp,current_timestamp,'Houston Texans','AFC',423,118,2042,20,2010
current_timestamp,current_timestamp,'Green Bay Packers','NFC',421,88,1606,11,2010
current_timestamp,current_timestamp,'New Orleans Saints','NFC',380,94,1519,9,2010
current_timestamp,current_timestamp,'Pittsburgh Steelers','AFC',471,106,1924,15,2010
current_timestamp,current_timestamp,'New York Jets','AFC',534,118,2374,14,2010
current_timestamp,current_timestamp,'Kansas City Chiefs','AFC',556,129,2627,13,2010
current_timestamp,current_timestamp,'Detroit Lions','NFC',404,83,1613,11,2010
current_timestamp,current_timestamp,'Baltimore Ravens','AFC',487,97,1831,11,2010
current_timestamp,current_timestamp,'Tennessee Titans','AFC',406,73,1727,13,2010
current_timestamp,current_timestamp,'Jacksonville Jaguars','AFC',512,148,2395,14,2010
current_timestamp,current_timestamp,'Denver Broncos','AFC',398,81,1544,13,2010
current_timestamp,current_timestamp,'Tampa Bay Buccaneers','NFC',431,97,2001,9,2010
current_timestamp,current_timestamp,'Chicago Bears','NFC',414,76,1616,10,2010
current_timestamp,current_timestamp,'Cincinnati Bengals','AFC',428,85,1522,8,2010
current_timestamp,current_timestamp,'Seattle Seahawks','NFC',385,81,1424,13,2010
current_timestamp,current_timestamp,'San Francisco 49ers','NFC',401,85,1657,10,2010
current_timestamp,current_timestamp,'Washington Redskins','NFC',351,72,1461,9,2010
current_timestamp,current_timestamp,'St. Louis Rams','NFC',429,84,1578,9,2010
current_timestamp,current_timestamp,'Arizona Cardinals','NFC',320,67,1388,9,2010
current_timestamp,current_timestamp,'Buffalo Bills','AFC',401,82,1720,6,2010
current_timestamp,current_timestamp,'Minnesota Vikings','NFC',441,104,1942,16,2010
current_timestamp,current_timestamp,'Miami Dolphins','AFC',445,91,1643,8,2010
current_timestamp,current_timestamp,'Cleveland Browns','AFC',413,87,1646,13,2010
current_timestamp,current_timestamp,'Carolina Panthers','NFC',428,78,1846,7,2010
current_timestamp,current_timestamp,'New Orleans Saints','NFC',468,115,2106,21,2009
current_timestamp,current_timestamp,'Minnesota Vikings','NFC',467,99,1918,19,2009
current_timestamp,current_timestamp,'Green Bay Packers','NFC',438,102,1885,20,2009
current_timestamp,current_timestamp,'San Diego Chargers','AFC',427,80,1423,17,2009
current_timestamp,current_timestamp,'Philadelphia Eagles','NFC',384,87,1637,14,2009
current_timestamp,current_timestamp,'New England Patriots','AFC',466,114,1921,19,2009
current_timestamp,current_timestamp,'Indianapolis Colts','AFC',366,69,1294,16,2009
current_timestamp,current_timestamp,'New York Giants','NFC',443,103,1837,14,2009
current_timestamp,current_timestamp,'Baltimore Ravens','AFC',468,115,2200,22,2009
current_timestamp,current_timestamp,'Houston Texans','AFC',425,93,1475,13,2009
current_timestamp,current_timestamp,'Arizona Cardinals','NFC',365,77,1494,16,2009
current_timestamp,current_timestamp,'Pittsburgh Steelers','AFC',428,96,1793,10,2009
current_timestamp,current_timestamp,'Atlanta Falcons','NFC',451,105,1876,15,2009
current_timestamp,current_timestamp,'Dallas Cowboys','NFC',436,110,2103,14,2009
current_timestamp,current_timestamp,'Miami Dolphins','AFC',509,129,2231,22,2009
current_timestamp,current_timestamp,'Tennessee Titans','AFC',499,115,2592,19,2009
current_timestamp,current_timestamp,'New York Jets','AFC',607,132,2756,21,2009
current_timestamp,current_timestamp,'San Francisco 49ers','NFC',371,77,1600,12,2009
current_timestamp,current_timestamp,'Chicago Bears','NFC',373,71,1492,6,2009
current_timestamp,current_timestamp,'Denver Broncos','AFC',440,95,1836,9,2009
current_timestamp,current_timestamp,'Carolina Panthers','NFC',525,123,2498,18,2009
current_timestamp,current_timestamp,'Cincinnati Bengals','AFC',505,109,2056,9,2009
current_timestamp,current_timestamp,'Kansas City Chiefs','AFC',438,91,1929,8,2009
current_timestamp,current_timestamp,'Jacksonville Jaguars','AFC',447,114,2029,19,2009
current_timestamp,current_timestamp,'Seattle Seahawks','NFC',395,80,1566,7,2009
current_timestamp,current_timestamp,'Washington Redskins','NFC',391,72,1510,8,2009
current_timestamp,current_timestamp,'Detroit Lions','NFC',409,82,1616,9,2009
current_timestamp,current_timestamp,'Buffalo Bills','AFC',424,81,1867,6,2009
current_timestamp,current_timestamp,'Cleveland Browns','AFC',498,102,2087,10,2009
current_timestamp,current_timestamp,'Tampa Bay Buccaneers','NFC',404,80,1627,5,2009
current_timestamp,current_timestamp,'Oakland Raiders','AFC',410,81,1701,7,2009
current_timestamp,current_timestamp,'St. Louis Rams','NFC',411,79,1784,4,2009
current_timestamp,current_timestamp,'New Orleans Saints','NFC',398,103,1594,20,2008
current_timestamp,current_timestamp,'San Diego Chargers','AFC',421,92,1726,13,2008
current_timestamp,current_timestamp,'New York Giants','NFC',502,130,2518,19,2008
current_timestamp,current_timestamp,'Arizona Cardinals','NFC',340,72,1178,14,2008
current_timestamp,current_timestamp,'Green Bay Packers','NFC',437,99,1805,11,2008
current_timestamp,current_timestamp,'Philadelphia Eagles','NFC',427,94,1697,15,2008
current_timestamp,current_timestamp,'Carolina Panthers','NFC',504,118,2437,30,2008
current_timestamp,current_timestamp,'New England Patriots','AFC',513,145,2278,21,2008
current_timestamp,current_timestamp,'New York Jets','AFC',422,94,2004,20,2008
current_timestamp,current_timestamp,'Atlanta Falcons','NFC',560,131,2443,23,2008
current_timestamp,current_timestamp,'Baltimore Ravens','AFC',592,132,2376,20,2008
current_timestamp,current_timestamp,'Minnesota Vikings','NFC',519,119,2332,15,2008
current_timestamp,current_timestamp,'Indianapolis Colts','AFC',370,80,1274,13,2008
current_timestamp,current_timestamp,'Chicago Bears','NFC',434,98,1673,15,2008
current_timestamp,current_timestamp,'Tennessee Titans','AFC',508,108,2199,24,2008
current_timestamp,current_timestamp,'Denver Broncos','AFC',387,103,1862,15,2008
current_timestamp,current_timestamp,'Houston Texans','AFC',432,106,1846,16,2008
current_timestamp,current_timestamp,'Dallas Cowboys','NFC',401,102,1723,12,2008
current_timestamp,current_timestamp,'Tampa Bay Buccaneers','NFC',451,100,1837,13,2008
current_timestamp,current_timestamp,'Pittsburgh Steelers','AFC',460,93,1690,16,2008
current_timestamp,current_timestamp,'Miami Dolphins','AFC',448,111,1897,18,2008
current_timestamp,current_timestamp,'San Francisco 49ers','NFC',397,83,1599,10,2008
current_timestamp,current_timestamp,'Buffalo Bills','AFC',439,107,1842,16,2008
current_timestamp,current_timestamp,'Jacksonville Jaguars','AFC',426,107,1774,17,2008
current_timestamp,current_timestamp,'Seattle Seahawks','NFC',417,104,1768,10,2008
current_timestamp,current_timestamp,'Kansas City Chiefs','AFC',379,94,1810,9,2008
current_timestamp,current_timestamp,'Detroit Lions','NFC',352,70,1332,10,2008
current_timestamp,current_timestamp,'Washington Redskins','NFC',478,109,2095,12,2008
current_timestamp,current_timestamp,'Oakland Raiders','AFC',459,87,1987,9,2008
current_timestamp,current_timestamp,'St. Louis Rams','NFC',417,95,1649,8,2008
current_timestamp,current_timestamp,'Cleveland Browns','AFC',409,84,1605,6,2008
current_timestamp,current_timestamp,'Cincinnati Bengals','AFC',420,80,1520,6,2008
current_timestamp,current_timestamp,'New England Patriots','AFC',451,124,1849,17,2007
current_timestamp,current_timestamp,'Dallas Cowboys','NFC',419,83,1746,14,2007
current_timestamp,current_timestamp,'Indianapolis Colts','AFC',446,119,1706,19,2007
current_timestamp,current_timestamp,'Green Bay Packers','NFC',388,69,1597,13,2007
current_timestamp,current_timestamp,'San Diego Chargers','AFC',485,104,2039,19,2007
current_timestamp,current_timestamp,'Jacksonville Jaguars','AFC',522,127,2391,18,2007
current_timestamp,current_timestamp,'Arizona Cardinals','NFC',402,70,1440,9,2007
current_timestamp,current_timestamp,'Cleveland Browns','AFC',440,110,1895,13,2007
current_timestamp,current_timestamp,'Pittsburgh Steelers','AFC',511,108,2168,9,2007
current_timestamp,current_timestamp,'Seattle Seahawks','NFC',430,93,1619,9,2007
current_timestamp,current_timestamp,'Cincinnati Bengals','AFC',416,81,1556,10,2007
current_timestamp,current_timestamp,'Houston Texans','AFC',417,96,1586,12,2007
current_timestamp,current_timestamp,'New Orleans Saints','NFC',392,94,1466,14,2007
current_timestamp,current_timestamp,'New York Giants','NFC',469,119,2148,15,2007
current_timestamp,current_timestamp,'Minnesota Vikings','NFC',494,131,2634,22,2007
current_timestamp,current_timestamp,'Detroit Lions','NFC',324,73,1288,13,2007
current_timestamp,current_timestamp,'Philadelphia Eagles','NFC',421,118,1974,12,2007
current_timestamp,current_timestamp,'Washington Redskins','NFC',498,103,1871,15,2007
current_timestamp,current_timestamp,'Tampa Bay Buccaneers','NFC',449,98,1872,15,2007
current_timestamp,current_timestamp,'Chicago Bears','NFC',423,74,1330,8,2007
current_timestamp,current_timestamp,'Denver Broncos','AFC',429,96,1957,10,2007
current_timestamp,current_timestamp,'Tennessee Titans','AFC',543,118,2109,17,2007
current_timestamp,current_timestamp,'Oakland Raiders','AFC',508,111,2086,11,2007
current_timestamp,current_timestamp,'Baltimore Ravens','AFC',446,96,1797,11,2007
current_timestamp,current_timestamp,'New York Jets','AFC',446,92,1701,6,2007
current_timestamp,current_timestamp,'Miami Dolphins','AFC',389,107,1569,14,2007
current_timestamp,current_timestamp,'Carolina Panthers','NFC',451,85,1824,7,2007
current_timestamp,current_timestamp,'St. Louis Rams','NFC',404,65,1527,5,2007
current_timestamp,current_timestamp,'Atlanta Falcons','NFC',385,73,1520,7,2007
current_timestamp,current_timestamp,'Buffalo Bills','AFC',448,91,1800,8,2007
current_timestamp,current_timestamp,'Kansas City Chiefs','AFC',383,66,1248,6,2007
current_timestamp,current_timestamp,'San Francisco 49ers','NFC',357,65,1477,8,2007
current_timestamp,current_timestamp,'San Diego Chargers','AFC',522,137,2578,32,2006
current_timestamp,current_timestamp,'Chicago Bears','NFC',503,103,1918,14,2006
current_timestamp,current_timestamp,'Indianapolis Colts','AFC',439,112,1762,17,2006
current_timestamp,current_timestamp,'Dallas Cowboys','NFC',472,107,1936,21,2006
current_timestamp,current_timestamp,'New Orleans Saints','NFC',472,99,1761,19,2006
current_timestamp,current_timestamp,'Philadelphia Eagles','NFC',416,106,1984,13,2006
current_timestamp,current_timestamp,'New England Patriots','AFC',499,121,1969,20,2006
current_timestamp,current_timestamp,'Cincinnati Bengals','AFC',435,88,1629,14,2006
current_timestamp,current_timestamp,'Jacksonville Jaguars','AFC',513,127,2541,23,2006
current_timestamp,current_timestamp,'St. Louis Rams','NFC',424,94,1805,13,2006
current_timestamp,current_timestamp,'New York Giants','NFC',455,120,2156,14,2006
current_timestamp,current_timestamp,'Baltimore Ravens','AFC',476,86,1637,11,2006
current_timestamp,current_timestamp,'Pittsburgh Steelers','AFC',469,100,1992,16,2006
current_timestamp,current_timestamp,'Seattle Seahawks','NFC',484,112,1923,8,2006
current_timestamp,current_timestamp,'Kansas City Chiefs','AFC',513,105,2143,17,2006
current_timestamp,current_timestamp,'Tennessee Titans','AFC',469,105,2214,15,2006
current_timestamp,current_timestamp,'Denver Broncos','AFC',488,106,2152,12,2006
current_timestamp,current_timestamp,'New York Jets','AFC',491,99,1738,15,2006
current_timestamp,current_timestamp,'Arizona Cardinals','NFC',419,84,1338,12,2006
current_timestamp,current_timestamp,'Washington Redskins','NFC',490,123,2216,13,2006
current_timestamp,current_timestamp,'Detroit Lions','NFC',304,53,1129,9,2006
current_timestamp,current_timestamp,'Green Bay Packers','NFC',431,93,1663,9,2006
current_timestamp,current_timestamp,'Buffalo Bills','AFC',420,82,1552,9,2006
current_timestamp,current_timestamp,'San Francisco 49ers','NFC',438,97,2172,12,2006
current_timestamp,current_timestamp,'Atlanta Falcons','NFC',537,134,2939,9,2006
current_timestamp,current_timestamp,'Minnesota Vikings','NFC',442,87,1820,12,2006
current_timestamp,current_timestamp,'Carolina Panthers','NFC',423,100,1659,7,2006
current_timestamp,current_timestamp,'Houston Texans','AFC',431,106,1685,13,2006
current_timestamp,current_timestamp,'Miami Dolphins','AFC',402,82,1673,7,2006
current_timestamp,current_timestamp,'Cleveland Browns','AFC',372,72,1335,7,2006
current_timestamp,current_timestamp,'Tampa Bay Buccaneers','NFC',404,82,1523,6,2006
current_timestamp,current_timestamp,'Oakland Raiders','AFC',394,73,1519,5,2006
current_timestamp,current_timestamp,'Seattle Seahawks','NFC',519,142,2457,29,2005
current_timestamp,current_timestamp,'Indianapolis Colts','AFC',465,116,1703,18,2005
current_timestamp,current_timestamp,'New York Giants','NFC',469,106,2209,17,2005
current_timestamp,current_timestamp,'Cincinnati Bengals','AFC',459,109,1910,15,2005
current_timestamp,current_timestamp,'San Diego Chargers','AFC',465,116,2072,22,2005
current_timestamp,current_timestamp,'Kansas City Chiefs','AFC',520,138,2382,26,2005
current_timestamp,current_timestamp,'Denver Broncos','AFC',542,145,2539,25,2005
current_timestamp,current_timestamp,'Carolina Panthers','NFC',487,82,1679,17,2005
current_timestamp,current_timestamp,'Pittsburgh Steelers','AFC',549,120,2223,21,2005
current_timestamp,current_timestamp,'New England Patriots','AFC',439,101,1512,16,2005
current_timestamp,current_timestamp,'St. Louis Rams','NFC',380,82,1535,13,2005
current_timestamp,current_timestamp,'Jacksonville Jaguars','AFC',502,97,1959,18,2005
current_timestamp,current_timestamp,'Washington Redskins','NFC',525,114,2183,15,2005
current_timestamp,current_timestamp,'Atlanta Falcons','NFC',531,139,2546,17,2005
current_timestamp,current_timestamp,'Dallas Cowboys','NFC',521,97,1861,13,2005
current_timestamp,current_timestamp,'Miami Dolphins','AFC',444,93,1898,11,2005
current_timestamp,current_timestamp,'Arizona Cardinals','NFC',360,58,1138,2,2005
current_timestamp,current_timestamp,'Philadelphia Eagles','NFC',365,73,1432,11,2005
current_timestamp,current_timestamp,'Minnesota Vikings','NFC',381,83,1467,10,2005
current_timestamp,current_timestamp,'Tampa Bay Buccaneers','NFC',457,83,1826,13,2005
current_timestamp,current_timestamp,'Tennessee Titans','AFC',397,72,1525,8,2005
current_timestamp,current_timestamp,'Green Bay Packers','NFC',398,76,1352,11,2005
current_timestamp,current_timestamp,'Oakland Raiders','AFC',361,80,1369,11,2005
current_timestamp,current_timestamp,'Buffalo Bills','AFC',428,96,1607,6,2005
current_timestamp,current_timestamp,'Baltimore Ravens','AFC',452,97,1605,5,2005
current_timestamp,current_timestamp,'Houston Texans','AFC',437,89,1816,9,2005
current_timestamp,current_timestamp,'Chicago Bears','NFC',488,99,2099,11,2005
current_timestamp,current_timestamp,'Detroit Lions','NFC',404,69,1471,10,2005
current_timestamp,current_timestamp,'New York Jets','AFC',384,74,1328,10,2005
current_timestamp,current_timestamp,'San Francisco 49ers','NFC',428,70,1689,9,2005
current_timestamp,current_timestamp,'New Orleans Saints','NFC',423,89,1688,8,2005
current_timestamp,current_timestamp,'Cleveland Browns','AFC',395,76,1503,4,2005
current_timestamp,current_timestamp,'Indianapolis Colts','AFC',427,94,1852,10,2004
current_timestamp,current_timestamp,'Kansas City Chiefs','AFC',496,138,2289,31,2004
current_timestamp,current_timestamp,'San Diego Chargers','AFC',525,131,2185,24,2004
current_timestamp,current_timestamp,'New England Patriots','AFC',524,120,2134,15,2004
current_timestamp,current_timestamp,'Green Bay Packers','NFC',441,98,1908,9,2004
current_timestamp,current_timestamp,'Minnesota Vikings','NFC',387,98,1823,8,2004
current_timestamp,current_timestamp,'Buffalo Bills','AFC',483,102,1874,15,2004
current_timestamp,current_timestamp,'Philadelphia Eagles','NFC',376,87,1639,10,2004
current_timestamp,current_timestamp,'Denver Broncos','AFC',534,127,2333,13,2004
current_timestamp,current_timestamp,'Cincinnati Bengals','AFC',437,93,1839,14,2004
current_timestamp,current_timestamp,'Pittsburgh Steelers','AFC',618,134,2464,16,2004
current_timestamp,current_timestamp,'Seattle Seahawks','NFC',468,110,2095,17,2004
current_timestamp,current_timestamp,'Carolina Panthers','NFC',422,85,1582,10,2004
current_timestamp,current_timestamp,'New Orleans Saints','NFC',406,82,1606,15,2004
current_timestamp,current_timestamp,'Tennessee Titans','AFC',420,85,1871,12,2004
current_timestamp,current_timestamp,'Atlanta Falcons','NFC',524,133,2672,20,2004
current_timestamp,current_timestamp,'New York Jets','AFC',527,135,2388,15,2004
current_timestamp,current_timestamp,'Oakland Raiders','AFC',327,75,1295,10,2004
current_timestamp,current_timestamp,'St. Louis Rams','NFC',381,96,1624,11,2004
current_timestamp,current_timestamp,'Baltimore Ravens','AFC',491,103,2063,11,2004
current_timestamp,current_timestamp,'Houston Texans','AFC',481,103,1882,16,2004
current_timestamp,current_timestamp,'New York Giants','NFC',424,105,1904,18,2004
current_timestamp,current_timestamp,'Tampa Bay Buccaneers','NFC',393,74,1489,9,2004
current_timestamp,current_timestamp,'Detroit Lions','NFC',407,92,1777,7,2004
current_timestamp,current_timestamp,'Dallas Cowboys','NFC',449,101,1769,14,2004
current_timestamp,current_timestamp,'Arizona Cardinals','NFC',475,86,1668,15,2004
current_timestamp,current_timestamp,'Cleveland Browns','AFC',441,94,1657,6,2004
current_timestamp,current_timestamp,'Miami Dolphins','AFC',384,71,1339,10,2004
current_timestamp,current_timestamp,'Jacksonville Jaguars','AFC',446,88,1850,9,2004
current_timestamp,current_timestamp,'San Francisco 49ers','NFC',413,83,1449,10,2004
current_timestamp,current_timestamp,'Washington Redskins','NFC',471,91,1765,6,2004
current_timestamp,current_timestamp,'Chicago Bears','NFC',430,84,1624,10,2004
current_timestamp,current_timestamp,'Kansas City Chiefs','AFC',446,120,1929,32,2003
current_timestamp,current_timestamp,'St. Louis Rams','NFC',411,97,1496,19,2003
current_timestamp,current_timestamp,'Indianapolis Colts','AFC',453,104,1695,16,2003
current_timestamp,current_timestamp,'Green Bay Packers','NFC',507,127,2558,18,2003
current_timestamp,current_timestamp,'Tennessee Titans','AFC',486,84,1623,11,2003
current_timestamp,current_timestamp,'Minnesota Vikings','NFC',493,124,2343,15,2003
current_timestamp,current_timestamp,'Seattle Seahawks','NFC',453,121,2009,17,2003
current_timestamp,current_timestamp,'Baltimore Ravens','AFC',552,115,2674,18,2003
current_timestamp,current_timestamp,'San Francisco 49ers','NFC',499,118,2279,16,2003
current_timestamp,current_timestamp,'Denver Broncos','AFC',543,133,2629,20,2003
current_timestamp,current_timestamp,'Philadelphia Eagles','NFC',417,105,2015,23,2003
current_timestamp,current_timestamp,'New England Patriots','AFC',473,91,1607,9,2003
current_timestamp,current_timestamp,'Cincinnati Bengals','AFC',481,101,1987,12,2003
current_timestamp,current_timestamp,'New Orleans Saints','NFC',448,100,2000,11,2003
current_timestamp,current_timestamp,'Carolina Panthers','NFC',522,114,2091,9,2003
current_timestamp,current_timestamp,'San Diego Chargers','AFC',417,117,2146,16,2003
current_timestamp,current_timestamp,'Miami Dolphins','AFC',487,99,1817,14,2003
current_timestamp,current_timestamp,'Tampa Bay Buccaneers','NFC',421,86,1648,5,2003
current_timestamp,current_timestamp,'Pittsburgh Steelers','AFC',446,77,1488,10,2003
current_timestamp,current_timestamp,'Atlanta Falcons','NFC',435,99,1949,17,2003
current_timestamp,current_timestamp,'Dallas Cowboys','NFC',515,115,1999,11,2003
current_timestamp,current_timestamp,'Washington Redskins','NFC',421,95,1653,8,2003
current_timestamp,current_timestamp,'New York Jets','AFC',409,78,1635,8,2003
current_timestamp,current_timestamp,'Chicago Bears','NFC',443,104,1763,13,2003
current_timestamp,current_timestamp,'Jacksonville Jaguars','AFC',481,118,2073,13,2003
current_timestamp,current_timestamp,'Oakland Raiders','AFC',423,98,1822,15,2003
current_timestamp,current_timestamp,'Detroit Lions','NFC',376,69,1338,5,2003
current_timestamp,current_timestamp,'Houston Texans','AFC',421,86,1651,14,2003
current_timestamp,current_timestamp,'Cleveland Browns','AFC',412,91,1670,8,2003
current_timestamp,current_timestamp,'New York Giants','NFC',387,90,1559,6,2003
current_timestamp,current_timestamp,'Buffalo Bills','AFC',427,96,1664,13,2003
current_timestamp,current_timestamp,'Arizona Cardinals','NFC',403,80,1531,5,2003
current_timestamp,current_timestamp,'Kansas City Chiefs','AFC',462,140,2378,26,2002
current_timestamp,current_timestamp,'Oakland Raiders','AFC',414,113,1762,21,2002
current_timestamp,current_timestamp,'New Orleans Saints','NFC',426,91,1764,16,2002
current_timestamp,current_timestamp,'Philadelphia Eagles','NFC',489,124,2220,15,2002
current_timestamp,current_timestamp,'Atlanta Falcons','NFC',523,123,2368,23,2002
current_timestamp,current_timestamp,'Green Bay Packers','NFC',451,94,1933,12,2002
current_timestamp,current_timestamp,'Denver Broncos','AFC',457,125,2266,21,2002
current_timestamp,current_timestamp,'Pittsburgh Steelers','AFC',512,119,2120,15,2002
current_timestamp,current_timestamp,'Minnesota Vikings','NFC',473,139,2507,26,2002
current_timestamp,current_timestamp,'New England Patriots','AFC',395,99,1508,9,2002
current_timestamp,current_timestamp,'Buffalo Bills','AFC',388,90,1596,17,2002
current_timestamp,current_timestamp,'Miami Dolphins','AFC',530,139,2502,24,2002
current_timestamp,current_timestamp,'San Francisco 49ers','NFC',489,141,2244,16,2002
current_timestamp,current_timestamp,'Tennessee Titans','AFC',511,112,1952,16,2002
current_timestamp,current_timestamp,'New York Jets','AFC',400,86,1618,12,2002
current_timestamp,current_timestamp,'Seattle Seahawks','NFC',430,104,1740,17,2002
current_timestamp,current_timestamp,'Indianapolis Colts','AFC',434,93,1561,12,2002
current_timestamp,current_timestamp,'Tampa Bay Buccaneers','NFC',414,90,1557,6,2002
current_timestamp,current_timestamp,'Cleveland Browns','AFC',406,77,1615,10,2002
current_timestamp,current_timestamp,'San Diego Chargers','AFC',466,117,2137,19,2002
current_timestamp,current_timestamp,'Jacksonville Jaguars','AFC',455,105,2089,19,2002
current_timestamp,current_timestamp,'New York Giants','NFC',486,95,1875,14,2002
current_timestamp,current_timestamp,'Baltimore Ravens','AFC',427,90,1792,9,2002
current_timestamp,current_timestamp,'St. Louis Rams','NFC',343,76,1405,11,2002
current_timestamp,current_timestamp,'Washington Redskins','NFC',442,107,1889,10,2002
current_timestamp,current_timestamp,'Detroit Lions','NFC',358,69,1477,9,2002
current_timestamp,current_timestamp,'Chicago Bears','NFC',382,79,1344,8,2002
current_timestamp,current_timestamp,'Cincinnati Bengals','AFC',426,105,1730,13,2002
current_timestamp,current_timestamp,'Arizona Cardinals','NFC',414,94,1823,10,2002
current_timestamp,current_timestamp,'Carolina Panthers','NFC',452,82,1586,11,2002
current_timestamp,current_timestamp,'Dallas Cowboys','NFC',423,87,1754,7,2002
current_timestamp,current_timestamp,'Houston Texans','AFC',424,59,1347,6,2002
current_timestamp,current_timestamp,'St. Louis Rams','NFC',416,104,2027,20,2001
current_timestamp,current_timestamp,'Indianapolis Colts','AFC',438,110,1966,16,2001
current_timestamp,current_timestamp,'San Francisco 49ers','NFC',509,121,2244,16,2001
current_timestamp,current_timestamp,'Oakland Raiders','AFC',450,102,1654,14,2001
current_timestamp,current_timestamp,'Green Bay Packers','NFC',410,72,1693,11,2001
current_timestamp,current_timestamp,'New England Patriots','AFC',473,101,1793,15,2001
current_timestamp,current_timestamp,'Pittsburgh Steelers','AFC',580,148,2774,17,2001
current_timestamp,current_timestamp,'Miami Dolphins','AFC',473,95,1664,14,2001
current_timestamp,current_timestamp,'Philadelphia Eagles','NFC',412,90,1778,6,2001
current_timestamp,current_timestamp,'Denver Broncos','AFC',481,106,1877,7,2001
current_timestamp,current_timestamp,'Chicago Bears','NFC',475,100,1742,12,2001
current_timestamp,current_timestamp,'Tennessee Titans','AFC',468,87,1794,12,2001
current_timestamp,current_timestamp,'New Orleans Saints','NFC',419,87,1712,8,2001
current_timestamp,current_timestamp,'San Diego Chargers','AFC',435,92,1695,13,2001
current_timestamp,current_timestamp,'Tampa Bay Buccaneers','NFC',407,84,1371,17,2001
current_timestamp,current_timestamp,'Kansas City Chiefs','AFC',448,119,2008,16,2001
current_timestamp,current_timestamp,'New York Jets','AFC',445,105,2054,11,2001
current_timestamp,current_timestamp,'Baltimore Ravens','AFC',483,92,1810,11,2001
current_timestamp,current_timestamp,'Seattle Seahawks','NFC',469,107,1936,15,2001
current_timestamp,current_timestamp,'Arizona Cardinals','NFC',400,77,1449,10,2001
current_timestamp,current_timestamp,'New York Giants','NFC',424,93,1777,11,2001
current_timestamp,current_timestamp,'Jacksonville Jaguars','AFC',372,85,1600,11,2001
current_timestamp,current_timestamp,'Atlanta Falcons','NFC',439,85,1762,9,2001
current_timestamp,current_timestamp,'Minnesota Vikings','NFC',376,88,1609,10,2001
current_timestamp,current_timestamp,'Cleveland Browns','AFC',417,78,1351,8,2001
current_timestamp,current_timestamp,'Detroit Lions','NFC',351,74,1398,8,2001
current_timestamp,current_timestamp,'Buffalo Bills','AFC',406,75,1686,9,2001
current_timestamp,current_timestamp,'Washington Redskins','NFC',490,104,1948,10,2001
current_timestamp,current_timestamp,'Carolina Panthers','NFC',354,68,1372,9,2001
current_timestamp,current_timestamp,'Dallas Cowboys','NFC',505,114,2184,8,2001
current_timestamp,current_timestamp,'Cincinnati Bengals','AFC',441,96,1712,11,2001
current_timestamp,current_timestamp,'St. Louis Rams','NFC',383,112,1843,26,2000
current_timestamp,current_timestamp,'Denver Broncos','AFC',516,124,2311,21,2000
current_timestamp,current_timestamp,'Oakland Raiders','AFC',520,128,2470,23,2000
current_timestamp,current_timestamp,'Indianapolis Colts','AFC',435,111,1859,14,2000
current_timestamp,current_timestamp,'Minnesota Vikings','NFC',428,107,2129,14,2000
current_timestamp,current_timestamp,'Tampa Bay Buccaneers','NFC',490,111,2066,18,2000
current_timestamp,current_timestamp,'San Francisco 49ers','NFC',416,98,1801,15,2000
current_timestamp,current_timestamp,'Jacksonville Jaguars','AFC',481,109,2032,18,2000
current_timestamp,current_timestamp,'Kansas City Chiefs','AFC',383,84,1465,12,2000
current_timestamp,current_timestamp,'New Orleans Saints','NFC',505,117,2068,14,2000
current_timestamp,current_timestamp,'Green Bay Packers','NFC',404,88,1643,13,2000
current_timestamp,current_timestamp,'Philadelphia Eagles','NFC',397,88,1882,13,2000
current_timestamp,current_timestamp,'Tennessee Titans','AFC',547,107,2084,14,2000
current_timestamp,current_timestamp,'Baltimore Ravens','AFC',511,116,2199,9,2000
current_timestamp,current_timestamp,'New York Giants','NFC',507,100,2009,16,2000
current_timestamp,current_timestamp,'Miami Dolphins','AFC',496,104,1894,16,2000
current_timestamp,current_timestamp,'Pittsburgh Steelers','AFC',527,124,2248,19,2000
current_timestamp,current_timestamp,'New York Jets','AFC',418,84,1471,11,2000
current_timestamp,current_timestamp,'Seattle Seahawks','NFC',403,98,1720,10,2000
current_timestamp,current_timestamp,'Buffalo Bills','AFC',475,111,1922,11,2000
current_timestamp,current_timestamp,'Carolina Panthers','NFC',363,63,1186,7,2000
current_timestamp,current_timestamp,'Detroit Lions','NFC',448,101,1747,15,2000
current_timestamp,current_timestamp,'Dallas Cowboys','NFC',463,116,1953,15,2000
current_timestamp,current_timestamp,'Washington Redskins','NFC',445,98,1748,14,2000
current_timestamp,current_timestamp,'New England Patriots','AFC',424,80,1390,9,2000
current_timestamp,current_timestamp,'San Diego Chargers','AFC',351,63,1062,7,2000
current_timestamp,current_timestamp,'Atlanta Falcons','NFC',350,65,1214,6,2000
current_timestamp,current_timestamp,'Chicago Bears','NFC',417,89,1736,6,2000
current_timestamp,current_timestamp,'Arizona Cardinals','NFC',343,71,1278,6,2000
current_timestamp,current_timestamp,'Cincinnati Bengals','AFC',495,119,2314,13,2000
current_timestamp,current_timestamp,'Cleveland Browns','AFC',336,53,1085,7,2000
